{
  "model": "gemini",
  "deterministic": {
    "bleu": 2.1734208506630663,
    "rouge_l": 0.1558294853747008,
    "prefix": {
      "accuracy": 0.11312217194570136,
      "n": 442,
      "per_type": {
        "feat": {
          "n": 50,
          "accuracy": 0.98
        },
        "chore": {
          "n": 50,
          "accuracy": 0.0
        },
        "fix": {
          "n": 50,
          "accuracy": 0.0
        },
        "perf": {
          "n": 21,
          "accuracy": 0.0
        },
        "refactor": {
          "n": 50,
          "accuracy": 0.0
        },
        "test": {
          "n": 50,
          "accuracy": 0.0
        },
        "docs": {
          "n": 50,
          "accuracy": 0.0
        },
        "build": {
          "n": 28,
          "accuracy": 0.0
        },
        "style": {
          "n": 43,
          "accuracy": 0.023255813953488372
        },
        "ci": {
          "n": 50,
          "accuracy": 0.0
        }
      },
      "always_fix_floor": 0.11312217194570136,
      "unparseable_candidates": 0
    }
  },
  "composite": {
    "n": 442,
    "per_axis_vector": {
      "type_correctness": {
        "pass": 0.332579185520362,
        "fail": 0.667420814479638
      },
      "faithfulness": {
        "pass": 0.4298642533936652,
        "fail": 0.5701357466063348
      },
      "completeness": {
        "pass": 0.5248868778280543,
        "fail": 0.4751131221719457
      },
      "specificity": {
        "pass": 0.8144796380090498,
        "fail": 0.18552036199095023
      }
    },
    "conjunctive_pass_rate": 0.15610859728506787,
    "graded_mean": 1.1380090497737556,
    "graded_max": 3.0,
    "type_gated": false,
    "per_type": {
      "feat": {
        "n": 50,
        "conjunctive_pass_rate": 0.38,
        "graded_mean": 1.68
      },
      "chore": {
        "n": 50,
        "conjunctive_pass_rate": 0.14,
        "graded_mean": 1.0
      },
      "fix": {
        "n": 50,
        "conjunctive_pass_rate": 0.18,
        "graded_mean": 1.16
      },
      "perf": {
        "n": 21,
        "conjunctive_pass_rate": 0.0,
        "graded_mean": 1.5238095238095237
      },
      "refactor": {
        "n": 50,
        "conjunctive_pass_rate": 0.08,
        "graded_mean": 0.88
      },
      "test": {
        "n": 50,
        "conjunctive_pass_rate": 0.08,
        "graded_mean": 1.52
      },
      "docs": {
        "n": 50,
        "conjunctive_pass_rate": 0.12,
        "graded_mean": 1.1
      },
      "build": {
        "n": 28,
        "conjunctive_pass_rate": 0.17857142857142858,
        "graded_mean": 1.2142857142857142
      },
      "style": {
        "n": 43,
        "conjunctive_pass_rate": 0.046511627906976744,
        "graded_mean": 0.46511627906976744
      },
      "ci": {
        "n": 50,
        "conjunctive_pass_rate": 0.26,
        "graded_mean": 1.0
      }
    }
  },
  "deployment": {
    "note": "Headline. Per-type metrics measured on the equal-allocation strata sample, reweighted to the full test-split type distribution. The sample-level numbers in 'deterministic'/'composite' are diagnostic, not the deployment story.",
    "type_weights": {
      "fix": 0.4893029675638371,
      "feat": 0.13285024154589373,
      "chore": 0.1028295376121463,
      "test": 0.09006211180124224,
      "refactor": 0.0873015873015873,
      "docs": 0.04278812974465148,
      "ci": 0.023119392684610076,
      "style": 0.014837819185645272,
      "build": 0.00966183574879227,
      "perf": 0.007246376811594203
    },
    "prefix_accuracy": 0.13053830227743268,
    "always_fix_floor": 0.4893029675638371,
    "conjunctive_pass_rate": 0.18070393374741198,
    "graded_mean": 1.2071911663216008
  },
  "validation": {
    "n": 50,
    "axes": {
      "type_correctness": {
        "raw_agreement": 0.72,
        "cohen_kappa": 0.37722419928825623
      },
      "faithfulness": {
        "raw_agreement": 0.68,
        "cohen_kappa": 0.3836671802773498
      },
      "completeness": {
        "raw_agreement": 0.76,
        "cohen_kappa": 0.54337899543379
      },
      "specificity": {
        "raw_agreement": 0.84,
        "cohen_kappa": 0.25373134328358216
      }
    }
  }
}